Distcomp, Library, Design Unit, compile Time, Peak Mem Usage
0, work, top, 0h:00m:00s,    212 MB
1, work, jpeg_mcu_proc, 0h:00m:00s,    216 MB
2, work, jpeg_bitbuffer, 0h:00m:00s,    214 MB
3, work, jpeg_dht_0000, 0h:00m:00s,    212 MB
4, work, jpeg_input, 0h:00m:00s,    215 MB
5, work, jpeg_idct, 0h:00m:00s,    212 MB
6, work, __ZEBU_mem_a256_d8_ra_ws_2, 0h:00m:00s,    212 MB
6, work, __ZEBU_mem_a256_d8_ra_ws_1, 0h:00m:00s,    212 MB
6, work, jpeg_dqt, 0h:00m:00s,    212 MB
7, work, jpeg_output, 0h:00m:00s,    218 MB
8, work, jpeg_mcu_id, 0h:00m:00s,    214 MB
9, work, jpeg_dht_std_cx_ac, 0h:00m:00s,    216 MB
10, work, jpeg_dht_std_cx_dc, 0h:00m:00s,    212 MB
10, work, jpeg_dht_std_y_dc, 0h:00m:00s,    212 MB
11, work, jpeg_dht_std_y_ac, 0h:00m:00s,    217 MB
12, work, jpeg_idct_y, 0h:00m:00s,    231 MB
13, work, __ZEBU_mem_a8_d32_ra_ws_2, 0h:00m:00s,    212 MB
13, work, __ZEBU_mem_a8_d32_ra_ws_1, 0h:00m:00s,    212 MB
13, work, jpeg_idct_fifo, 0h:00m:00s,    212 MB
14, work, jpeg_idct_transpose, 0h:00m:00s,    212 MB
15, work, jpeg_idct_ram, 0h:00m:00s,    218 MB
16, work, jpeg_idct_x, 0h:00m:00s,    231 MB
17, work, __ZEBU_mem_a8_d32_ra_ws_2, 0h:00m:00s,    212 MB
17, work, __ZEBU_mem_a8_d32_ra_ws_1, 0h:00m:00s,    212 MB
17, work, jpeg_output_fifo, 0h:00m:00s,    212 MB
18, work, jpeg_output_y_ram, 0h:00m:00s,    216 MB
19, work, jpeg_output_cx_ram, 0h:00m:00s,    214 MB
20, work, __ZEBU_mem_a32_d32_ra_ra_ws_ws_2, 0h:00m:00s,    212 MB
20, work, __ZEBU_mem_a32_d32_ra_ra_ws_ws_1, 0h:00m:00s,    212 MB
20, work, jpeg_idct_transpose_ram, 0h:00m:00s,    212 MB
21, work, __ZEBU_mem_a64_d16_ra_ra_ws_ws_2, 0h:00m:00s,    212 MB
21, work, __ZEBU_mem_a64_d16_ra_ra_ws_ws_1, 0h:00m:00s,    212 MB
21, work, jpeg_idct_ram_dp, 0h:00m:00s,    212 MB
22, work, __ZEBU_mem_a512_d32_ra_ra_ws_ws_2, 0h:00m:00s,    212 MB
22, work, __ZEBU_mem_a512_d32_ra_ra_ws_ws_1, 0h:00m:00s,    212 MB
22, work, jpeg_output_y_ram_ram_dp_512_9, 0h:00m:00s,    212 MB
23, work, __ZEBU_mem_a256_d32_ra_ra_ws_ws_2, 0h:00m:00s,    212 MB
23, work, __ZEBU_mem_a256_d32_ra_ra_ws_ws_1, 0h:00m:00s,    212 MB
23, work, jpeg_output_cx_ram_ram_dp_256_8, 0h:00m:00s,    212 MB
